{"cameraMode":{"drawMode":0,"name":"Shaded","section":"Shading Mode"},"sceneLighting":false,"audioPlay":false,"sceneViewState":{"m_AlwaysRefresh":false,"showFog":true,"showSkybox":false,"showFlares":true,"showImageEffects":true,"showParticleSystems":true,"showVisualEffectGraphs":true,"m_FxEnabled":true},"in2DMode":false,"pivot":{"x":1.7881393432617188e-7,"y":0.602376401424408,"z":0.030411362648010255},"rotation":{"x":0.07696328312158585,"y":0.6562631726264954,"z":-0.07023049890995026,"w":0.747999906539917},"size":1.384943962097168,"orthographic":false}