{"cameraMode":{"drawMode":0,"name":"Shaded","section":"Shading Mode"},"sceneLighting":true,"audioPlay":false,"sceneViewState":{"m_AlwaysRefresh":false,"showFog":true,"showSkybox":true,"showFlares":true,"showImageEffects":true,"showParticleSystems":true,"showVisualEffectGraphs":true,"m_FxEnabled":true},"in2DMode":false,"pivot":{"x":8.66682243347168,"y":3.486879348754883,"z":-3.3151018619537355},"rotation":{"x":0.0026098638772964479,"y":-0.999933660030365,"z":-0.03166542947292328,"w":-0.01802237145602703},"size":0.7627946734428406,"orthographic":false}