{"cameraMode":{"drawMode":0,"name":"Shaded","section":"Shading Mode"},"sceneLighting":true,"audioPlay":false,"sceneViewState":{"m_AlwaysRefresh":false,"showFog":true,"showSkybox":true,"showFlares":true,"showImageEffects":true,"showParticleSystems":true,"showVisualEffectGraphs":true,"m_FxEnabled":true},"in2DMode":false,"pivot":{"x":9.226593971252442,"y":2.5237536430358888,"z":-12.440519332885743},"rotation":{"x":-0.001216856180690229,"y":0.9948302507400513,"z":-0.008492094464600087,"w":0.10730191320180893},"size":1.566659927368164,"orthographic":false}