{"cameraMode":{"drawMode":0,"name":"Shaded","section":"Shading Mode"},"sceneLighting":true,"audioPlay":false,"sceneViewState":{"m_AlwaysRefresh":false,"showFog":true,"showSkybox":true,"showFlares":true,"showImageEffects":true,"showParticleSystems":true,"showVisualEffectGraphs":true,"m_FxEnabled":true},"in2DMode":false,"pivot":{"x":10.464523315429688,"y":0.9778991937637329,"z":17.3165283203125},"rotation":{"x":0.010619019158184529,"y":-0.991906464099884,"z":0.09463880211114884,"w":0.08999761939048767},"size":4.554246425628662,"orthographic":false}