{"cameraMode":{"drawMode":0,"name":"Shaded","section":"Shading Mode"},"sceneLighting":true,"audioPlay":false,"sceneViewState":{"m_AlwaysRefresh":false,"showFog":true,"showSkybox":true,"showFlares":true,"showImageEffects":true,"showParticleSystems":true,"showVisualEffectGraphs":true,"m_FxEnabled":true},"in2DMode":false,"pivot":{"x":3.142190933227539,"y":6.855879306793213,"z":17.971569061279298},"rotation":{"x":0.07821578532457352,"y":0.8776327967643738,"z":-0.15314510464668275,"w":0.44757089018821719},"size":1.8861112594604493,"orthographic":false}