{"cameraMode":{"drawMode":0,"name":"Shaded","section":"Shading Mode"},"sceneLighting":true,"audioPlay":false,"sceneViewState":{"m_AlwaysRefresh":false,"showFog":true,"showSkybox":true,"showFlares":true,"showImageEffects":true,"showParticleSystems":true,"showVisualEffectGraphs":true,"m_FxEnabled":true},"in2DMode":false,"pivot":{"x":3.3907182216644289,"y":4.422241687774658,"z":13.859353065490723},"rotation":{"x":-0.08228588104248047,"y":0.8741188645362854,"z":-0.15934380888938905,"w":-0.45141473412513735},"size":3.839310884475708,"orthographic":false}